"Time (s)","Linear Acceleration x (m/s^2)","Linear Acceleration y (m/s^2)","Linear Acceleration z (m/s^2)","Absolute acceleration (m/s^2)"
1.619666698E-3,3.997775146E-2,7.736140396E-3,8.534069717E-2,9.455740623E-2
1.162166666E-2,5.394474881E-2,3.655492846E-2,5.883059084E-2,8.779144114E-2
2.162466670E-2,5.866988378E-2,1.208447713E-2,2.783976316E-2,6.605484284E-2
3.162766667E-2,4.492368277E-2,2.572464254E-3,1.645698845E-2,4.791228773E-2
4.162966670E-2,2.108460283E-2,-2.177760752E-2,2.738309562E-2,4.084921776E-2
5.163266667E-2,4.609246809E-2,-5.375500666E-2,2.528979242E-2,7.519102311E-2
6.163566670E-2,2.675344186E-2,-4.962453352E-2,5.232088566E-3,5.661904034E-2
7.163766667E-2,2.630852357E-2,-3.195782924E-2,1.436310053E-2,4.381483674E-2
8.164066670E-2,2.222026915E-2,-3.082935316E-2,4.370325923E-2,5.791514694E-2
9.164366667E-2,2.800937810E-2,3.564535752E-3,4.879326046E-2,5.637387198E-2
1.016456667E-1,3.020506239E-2,1.915050834E-2,5.582336783E-2,6.629733147E-2
1.116486667E-1,2.707318406E-2,2.569502274E-2,5.191625834E-2,6.394129626E-2
1.216516666E-1,4.554517784E-2,2.187622447E-2,5.174727380E-2,7.232366672E-2
1.316536667E-1,6.265362835E-2,1.525814479E-2,6.145540595E-2,8.907892595E-2
1.416566667E-1,7.374690193E-2,1.346663101E-2,7.207044125E-2,1.039908852E-1
1.516596667E-1,4.349430350E-2,-2.502717935E-3,6.412933767E-2,7.752799484E-2
1.616616667E-1,5.357303035E-2,-8.208522331E-3,3.313909471E-2,6.352675828E-2
1.716646667E-1,8.067392472E-2,-4.708782865E-2,2.430512130E-2,9.652090270E-2
1.816676666E-1,2.129612220E-1,-5.247377208E-2,4.630994797E-2,2.241664340E-1
1.916696667E-1,-1.167057649E-2,-2.136464791E-2,4.166842818E-2,4.825876546E-2
2.016726666E-1,-1.677256816E-1,-2.483952027E-3,2.610138595E-2,1.697626480E-1
2.116756667E-1,-1.442629614E-2,1.026966585E-2,7.489698529E-2,7.696195465E-2
2.216776666E-1,-7.665973809E-4,1.712684182E-2,5.827569008E-2,6.074514332E-2
2.316806667E-1,5.697490387E-2,-4.356303569E-3,5.333245397E-2,7.816308398E-2
2.416836667E-1,5.356152778E-2,-1.480060017E-2,3.865828156E-2,6.769311454E-2
2.516856667E-1,4.172018518E-2,-1.125927055E-2,3.670472682E-2,5.669728384E-2
2.616886667E-1,-4.771318836E-3,-8.197851162E-3,3.820102930E-2,3.936100719E-2
2.716916667E-1,1.247685271E-2,-1.179878583E-2,5.587599277E-2,5.845519455E-2
2.816936666E-1,5.724541068E-2,-6.657018475E-3,6.171560705E-2,8.444032859E-2
2.916966667E-1,4.200046781E-2,9.631588440E-3,3.013187170E-2,5.258076154E-2
3.016996667E-1,6.204229281E-2,1.716821088E-2,5.767459631E-2,8.643120167E-2
3.117016667E-1,3.110541483E-2,4.634338673E-3,5.407914340E-2,6.255859396E-2
3.217046667E-1,1.131765135E-2,7.324313689E-3,5.392945468E-2,5.558885577E-2
3.317076667E-1,-8.383354079E-4,-6.509522460E-3,3.790925324E-2,3.847321367E-2
3.417096667E-1,1.228717452E-2,-8.349659499E-3,2.517284811E-2,2.922950142E-2
3.517126667E-1,1.010032500E-2,-7.121031582E-3,-2.840577364E-3,1.268047853E-2
3.617156667E-1,2.561045738E-2,-8.290017899E-3,4.534925044E-2,5.273684138E-2
3.717176667E-1,2.970397429E-2,-2.044040412E-2,5.028137684E-2,6.187368638E-2
3.817206667E-1,3.364134313E-2,-1.108151520E-2,5.176890850E-2,6.272606981E-2
3.917236667E-1,4.081676295E-2,2.414973155E-3,3.634219944E-2,5.470462223E-2
4.017256667E-1,5.338194516E-2,2.384255173E-2,6.148698092E-2,8.484543691E-2
4.117286667E-1,6.066764896E-2,1.882459916E-2,6.881938934E-2,9.365381740E-2
4.217316667E-1,3.969741401E-2,1.597890548E-2,5.922937095E-2,7.307070879E-2
4.317336667E-1,2.597676717E-2,-1.283964504E-2,2.478751659E-2,3.813226844E-2
4.417366667E-1,1.926863124E-2,-9.438904412E-3,2.806254208E-2,3.532533559E-2
4.517396667E-1,1.458414447E-1,-1.224799087E-1,2.295558393E-2,1.918280841E-1
4.617426667E-1,2.333596724E-1,-9.954352917E-2,4.766123950E-2,2.581419079E-1
4.717446667E-1,-1.331062272E-1,8.063518692E-2,7.490283251E-2,1.727128699E-1
4.817476667E-1,-2.136402847E-1,7.457458444E-2,2.100085974E-2,2.272544301E-1
4.917506667E-1,1.260900436E-2,1.121494135E-2,5.437735140E-2,5.693556223E-2
5.017526667E-1,1.955889524E-2,1.255071949E-2,8.296380401E-2,8.615720352E-2
5.117556667E-1,6.682558930E-3,1.456797235E-2,3.969440818E-2,4.280804192E-2
5.217586667E-1,3.973080710E-2,1.306971470E-2,6.933511376E-2,8.097352947E-2
5.317606667E-1,6.241277788E-2,1.099738838E-2,6.379546165E-2,8.992306891E-2
5.417636667E-1,4.471043299E-2,5.719490536E-4,4.313140154E-2,6.212622427E-2
5.517666667E-1,3.873723725E-2,-2.148480820E-2,3.413955331E-2,5.592566167E-2
5.617686667E-1,4.059624069E-2,-3.342611991E-2,3.368873298E-2,6.245230965E-2
5.717716667E-1,5.501933000E-2,-2.832769504E-2,4.940546393E-2,7.918639306E-2
5.817746667E-1,7.072999903E-2,-1.826374155E-2,4.536152959E-2,8.598817003E-2
5.917766667E-1,3.303827592E-2,-7.175812684E-3,4.311502934E-2,5.478983225E-2
6.017796667E-1,1.780178867E-2,-8.224857990E-3,5.000304937E-2,5.371086404E-2
6.117826667E-1,9.493955034E-3,6.315796897E-3,5.314885139E-2,5.435830090E-2
6.217846667E-1,2.307230897E-2,-3.407318741E-3,5.135141730E-2,5.639955072E-2
6.317876667E-1,1.560937973E-2,-1.174120903E-2,3.503300786E-2,4.011010303E-2
6.417906667E-1,3.064517044E-2,-1.109664487E-2,4.386288822E-2,5.464627125E-2
6.517926667E-1,4.117890203E-2,2.199941799E-3,5.433700562E-2,6.821328240E-2
6.617956667E-1,2.319933516E-2,-6.673244499E-3,5.104034543E-2,5.646112119E-2
6.717986666E-1,2.435002152E-2,7.711289730E-3,5.657473505E-2,6.207324853E-2
6.818006667E-1,3.412453784E-2,6.400855612E-3,4.519371450E-2,5.699058576E-2
6.918036666E-1,5.429015480E-2,6.390659530E-3,4.713615954E-2,7.218087679E-2
7.018066667E-1,5.472596423E-2,-1.719629578E-4,4.728526354E-2,7.232466301E-2
7.118086667E-1,3.462430576E-2,-1.018166525E-2,3.036985338E-2,4.716817625E-2
7.218116667E-1,1.557679520E-2,-9.101392161E-3,4.728350937E-2,5.060832092E-2
7.318146667E-1,7.808431168E-3,-2.045361517E-2,2.632708848E-2,3.424087555E-2
7.418166667E-1,1.123728868E-2,-1.186431119E-2,3.665736437E-2,4.013478416E-2
7.518196666E-1,2.773542691E-2,-2.190184258E-2,3.471842766E-2,4.954103182E-2
7.618226667E-1,9.395306110E-3,1.019023508E-3,4.100710809E-2,4.208198070E-2
7.718246666E-1,1.994501248E-2,8.748110700E-3,4.804306269E-2,5.274911218E-2
7.818304583E-1,2.521954817E-2,1.525081750E-2,6.076777339E-2,6.753765859E-2
7.918334584E-1,3.189799578E-2,1.360648910E-2,5.821955681E-2,6.776529698E-2
8.018354583E-1,3.626368230E-2,7.796421535E-3,5.896624625E-2,6.966245071E-2
8.118384584E-1,3.997127384E-2,1.147945477E-2,4.893476307E-2,6.421909102E-2
8.218414583E-1,3.696812104E-2,-5.135426782E-3,4.249814808E-2,5.656065039E-2
8.318434583E-1,5.263053227E-2,-1.581531135E-2,5.027845323E-2,7.448503111E-2
8.418464583E-1,4.666522570E-2,-2.861214381E-2,4.444000840E-2,7.050682527E-2
8.518494584E-1,3.195729477E-2,-1.454953535E-2,4.309164047E-2,5.558639354E-2
8.618514583E-1,3.280959497E-2,-1.038467327E-2,3.321393907E-2,4.782757269E-2
8.718544584E-1,3.013387711E-2,-3.193201013E-3,5.866102159E-2,6.602546885E-2
8.818574583E-1,3.128126071E-2,5.085323453E-3,6.105779529E-2,6.879267513E-2
8.918594584E-1,2.231057666E-2,-3.534221593E-3,6.375102282E-2,6.763464691E-2
9.018624583E-1,9.607546334E-3,-1.047126688E-3,4.474289417E-2,4.577475286E-2
9.118654584E-1,2.712930362E-2,-2.848580740E-3,3.201935291E-2,4.206367183E-2
9.218674583E-1,2.452146371E-2,-2.492247764E-3,3.830569446E-2,4.555040845E-2
9.318704584E-1,2.070691381E-2,-1.516645314E-2,5.087779284E-2,5.698550153E-2
9.418734583E-1,2.382832198E-2,-7.777893171E-3,5.207413316E-2,5.779273220E-2
9.518754584E-1,1.776693835E-2,-1.477847211E-3,3.845304430E-2,4.238495896E-2
9.618784583E-1,2.737572722E-2,1.138337770E-2,4.878156602E-2,5.708461187E-2
9.718814584E-1,4.283095515E-2,-7.061718889E-3,4.040016711E-2,5.930035493E-2
9.818834583E-1,5.715799937E-2,-3.209628034E-3,3.800339341E-2,6.871387426E-2
9.918864584E-1,3.591819408E-2,-9.424980730E-4,5.162506700E-2,6.289795316E-2
1.001889458E0,3.314109099E-2,-7.177256215E-3,5.372187853E-2,6.352861679E-2
1.011891458E0,3.349130723E-2,-8.598568160E-3,4.908035874E-2,6.003736044E-2
1.021894458E0,1.711677822E-2,-7.961788103E-3,5.985677719E-2,6.276310972E-2
1.031897458E0,2.139831965E-2,-1.572815130E-2,4.788518786E-2,5.475631511E-2
1.041900458E0,2.138898695E-2,-9.919801354E-3,4.833483875E-2,5.377869335E-2
1.051902458E0,1.860149591E-2,-1.608344274E-2,5.671740711E-2,6.181874351E-2
1.061905458E0,3.129888001E-2,9.653807860E-3,4.668475449E-2,5.702878394E-2
1.071908458E0,2.239375787E-2,5.790260118E-3,4.758171737E-2,5.290583457E-2
1.081910458E0,1.851680264E-2,8.297564462E-4,4.219350815E-2,4.608527537E-2
1.091913458E0,4.186103912E-2,-6.963558756E-3,5.072518051E-2,6.613532856E-2
1.101916458E0,4.365697030E-2,-1.526653189E-2,4.788167953E-2,6.657066386E-2
1.111918458E0,4.999871878E-2,-1.645130569E-2,2.932027817E-2,6.025110829E-2
1.121921458E0,2.431277293E-2,-1.727452056E-2,4.099658310E-2,5.069753263E-2
1.131924458E0,2.580234198E-2,-2.095033614E-2,2.991844833E-2,4.471902265E-2
1.141926458E0,2.743959891E-2,-1.225890689E-2,4.174327254E-2,5.143649666E-2
1.151929458E0,2.384058743E-2,-2.711317353E-3,5.297401965E-2,5.815472129E-2
1.161932458E0,3.303952302E-2,4.515183382E-3,4.803721547E-2,5.847709836E-2
1.171934458E0,2.795743381E-2,1.480789091E-3,5.896507680E-2,6.527396973E-2
1.181937458E0,1.953763970E-2,1.481519993E-3,4.295130730E-2,4.720941712E-2
1.191940458E0,1.367463657E-2,1.301122427E-2,5.163325310E-2,5.497527142E-2
1.201942458E0,2.213260203E-2,1.804249752E-3,7.169037223E-2,7.505076189E-2
1.211945458E0,4.469312889E-2,-9.283660837E-3,4.025574088E-2,6.086203087E-2
1.221948458E0,3.523767411E-2,-1.206461487E-2,6.106013417E-2,7.152334300E-2
1.231950458E0,3.644276242E-2,-2.245367356E-2,4.264666736E-2,6.042334504E-2
1.241953458E0,3.877142519E-2,-1.814738195E-3,5.177709460E-2,6.471000086E-2
1.251956458E0,3.588211494E-2,1.332214996E-2,5.985970080E-2,7.105061317E-2
1.261958458E0,2.057686351E-2,4.908024911E-3,4.324483752E-2,4.814158278E-2
1.271961458E0,2.515883306E-2,-1.963677742E-3,6.300199449E-2,6.786806481E-2
1.281964458E0,3.512877429E-2,-1.255018959E-2,3.980199695E-2,5.455031625E-2
1.291966458E0,3.207337114E-2,-6.159639694E-3,2.752518296E-2,4.271156745E-2
1.301969458E0,2.819961361E-2,-9.294642638E-3,4.264023542E-2,5.195958301E-2
1.311972458E0,2.916558277E-2,-4.037648588E-3,4.248762310E-2,5.169266815E-2
1.321974458E0,2.036361373E-2,6.424628198E-5,5.326404154E-2,5.702402137E-2
1.331977458E0,3.054036367E-2,2.269267850E-4,4.159007549E-2,5.159941558E-2
1.341980458E0,4.143440251E-2,-6.581297033E-3,4.129303694E-2,5.886627287E-2
1.351982458E0,3.624021578E-2,-1.226109959E-2,5.162155867E-2,6.425319542E-2
1.361985458E0,4.258264492E-2,-2.453241354E-2,4.757703960E-2,6.840099165E-2
1.371988458E0,4.844601350E-2,-6.350057926E-3,6.194598734E-2,7.889641822E-2
1.381990458E0,3.712860884E-2,1.183754191E-2,6.224185646E-2,7.343507124E-2
1.391993458E0,2.152272373E-2,5.590650793E-3,3.724267066E-2,4.337625538E-2
1.401996458E0,2.823519940E-2,6.431535222E-3,4.203095555E-2,5.104108497E-2
1.411998458E0,2.362673922E-2,-9.254972935E-3,4.741565645E-2,5.377845114E-2
1.422001458E0,2.213550737E-2,-6.654405501E-3,4.412133515E-2,4.980917600E-2
1.432004458E0,2.375935681E-2,4.542921111E-3,3.693042934E-2,4.414750026E-2
1.442006458E0,1.126651562E-2,7.272474468E-3,4.276419640E-2,4.481740457E-2
1.452009458E0,-1.494557457E-4,8.680739813E-4,6.012399495E-2,6.013044701E-2
1.462012458E0,2.239304524E-2,-6.164061651E-4,4.754604936E-2,5.255906431E-2
1.472014458E0,3.586668834E-2,7.761740237E-3,4.065919876E-2,5.477074390E-2
1.482017458E0,3.779568935E-2,-9.263286944E-3,4.679234326E-2,6.085923107E-2
1.492020458E0,4.006788994E-2,-7.501794957E-3,6.893984199E-2,8.009004024E-2
1.502023458E0,3.904847357E-2,8.978966083E-3,7.582201481E-2,8.575769965E-2
1.512025458E0,2.965477545E-2,1.548234897E-2,4.842137754E-2,5.885353549E-2
1.522028458E0,3.404248039E-2,2.030317727E-2,5.230392873E-2,6.562629381E-2
1.532031458E0,3.118548514E-2,2.931265851E-2,5.558246255E-2,7.015109818E-2
1.542033458E0,1.039403430E-1,-3.270210670E-2,7.831936061E-2,1.341899584E-1
1.552036458E0,8.855839071E-1,-7.617716007E-2,7.441342056E-2,8.919636614E-1
1.562039458E0,4.470359357E-1,-7.476633657E-3,5.792719603E-2,4.508354333E-1
1.572041458E0,2.470593514E-1,2.392458451E-1,2.826836407E-2,3.450739021E-1
1.582044458E0,1.920667670E0,3.510128872E-1,6.193663180E-2,1.953461157E0
1.592047458E0,1.974190889E0,1.296325700E-1,4.096793175E-2,1.978866504E0
1.602049458E0,1.759281302E0,3.658235556E-1,5.015741587E-3,1.796920346E0
1.612052458E0,1.715938962E0,5.155244458E-1,-5.008198678E-2,1.792406254E0
1.622055458E0,1.784551214E0,3.331054969E-1,5.289800584E-2,1.816144407E0
1.632057458E0,1.819516248E0,9.789994994E-2,-9.858990312E-3,1.822174793E0
1.642060458E0,1.939756198E0,9.822532922E-2,-3.400155902E-3,1.942244548E0
1.652063458E0,2.373383079E0,6.069884934E-2,1.417815310E-1,2.378388865E0
1.662065458E0,2.983393852E0,-2.617851438E-2,-9.059091210E-2,2.984883734E0
1.672068458E0,3.112935407E0,-7.388053821E-2,1.821056843E-2,3.113865251E0
1.682071458E0,3.104436186E0,1.142336901E-1,5.577834427E-2,3.107037913E0
1.692073458E0,2.941264956E0,-3.663631439E-2,4.169591010E-2,2.941788624E0
1.702076458E0,2.597039955E0,-3.424006695E-1,3.583992362E-2,2.619759387E0
1.712079458E0,2.231701243E0,-2.900495245E-1,4.854475379E-2,2.250994393E0
1.722081458E0,1.870029905E0,7.004902225E-2,6.322301924E-2,1.872409106E0
1.732084458E0,1.673983143E0,4.642332182E-1,5.064565837E-2,1.737900178E0
1.742087458E0,1.779456389E0,7.652210925E-1,5.130347013E-3,1.937022116E0
1.752089458E0,1.748933923E0,6.888649345E-1,1.962676406E-2,1.879811154E0
1.762092458E0,1.662384899E0,3.896361220E-1,-8.123536706E-3,1.707455959E0
1.772095458E0,1.673971010E0,2.514910293E-1,-3.690645576E-2,1.693159404E0
1.782093917E0,1.796372383E0,3.047315175E-1,9.602414489E-2,1.824564516E0
1.792096917E0,1.900193206E0,3.277520055E-1,9.781514704E-2,1.930731312E0
1.802099917E0,1.810428651E0,3.891388894E-1,3.000147879E-2,1.852020806E0
1.812101917E0,1.542142610E0,4.768660911E-1,1.409763694E-3,1.614189296E0
1.822104917E0,1.308413028E0,2.660183452E-1,5.365989804E-2,1.336259629E0
1.832107917E0,1.131036206E0,-2.272397937E-1,8.003668785E-3,1.153665845E0
1.842109917E0,8.720004597E-1,-7.400597195E-1,4.346001506E-2,1.144535698E0
1.852112917E0,6.059568983E-1,-8.133184612E-1,-2.683871984E-4,1.014234073E0
1.862115917E0,6.026098790E-1,-5.893696631E-1,7.457304955E-2,8.462011616E-1
1.872117917E0,8.143790730E-1,-5.396926326E-1,6.571276367E-2,9.791831185E-1
1.882120917E0,1.124360001E0,-7.796265122E-1,6.568645120E-2,1.369787437E0
1.892123917E0,1.310370237E0,-8.247256480E-1,9.368818223E-2,1.551135077E0
1.902125917E0,1.156356843E0,-2.325011915E-1,7.440114141E-2,1.181843256E0
1.912128917E0,5.917615763E-1,5.273795659E-1,2.488750398E-2,7.930512957E-1
1.922131917E0,-2.977646514E-1,5.643906137E-1,7.672073185E-2,6.427181522E-1
1.932133917E0,-9.949608267E-1,-3.427201467E-1,3.482309282E-2,1.052908730E0
1.942136917E0,-1.146175817E0,-1.580942394E0,2.686503232E-2,1.952900301E0
1.952139917E0,-5.945828214E-1,-2.036574248E0,3.897110760E-2,2.121952438E0
1.962141917E0,5.118004363E-2,-1.739283532E0,1.374785650E-1,1.745458953E0
1.972144917E0,3.208762646E-1,-1.031380282E0,1.022876823E-1,1.084974486E0
1.982147917E0,2.223082155E-2,-9.986571075E-2,8.267962933E-3,1.026436984E-1
1.992150917E0,-5.029363041E-1,5.244500743E-1,9.241816700E-2,7.324847602E-1
2.002152917E0,-8.025226738E-1,8.263830413E-1,6.621971726E-2,1.153835614E0
2.012155917E0,-8.403950165E-1,9.529800110E-1,-2.571079195E-2,1.270864167E0
2.022158917E0,-7.688779411E-1,9.018130003E-1,2.966760278E-2,1.185461995E0
2.032160917E0,-3.569224123E-1,8.117985506E-1,3.654158950E-2,8.875504396E-1
2.042163917E0,1.129198298E-1,1.871339060E-1,1.915372431E-2,2.194011210E-1
2.052166917E0,5.399297737E-1,-7.858033647E-1,3.784785748E-2,9.541716558E-1
2.062168917E0,8.899821096E-1,-1.103647117E0,8.174641371E-2,1.420136469E0
2.072171917E0,8.152289658E-1,-7.569134416E-1,1.240048259E-1,1.119327218E0
2.082174917E0,-3.788880626E-1,-2.856704167E-1,-2.481207490E-2,4.751624880E-1
2.092176917E0,-1.520628657E0,6.355210785E-2,-4.926162243E-2,1.522753128E0
2.102179917E0,-1.796548969E0,1.404181247E-1,2.678843379E-2,1.802227252E0
2.112182917E0,-1.538284178E0,1.113183049E-1,9.221351445E-2,1.545060941E0
2.122184917E0,-1.712329476E0,-1.867529234E-1,2.815785170E-2,1.722713485E0
2.132187917E0,-1.877687419E0,-4.769375733E-1,7.507240176E-2,1.938766452E0
2.142190917E0,-2.646876943E0,-6.515397450E-1,1.431562114E-1,2.729643803E0
2.152192917E0,-3.322002310E0,-5.442549592E-1,-1.234417391E-1,3.368553201E0
2.162195917E0,-3.647126796E0,-2.156881258E-1,7.757734895E-2,3.654322574E0
2.172198917E0,-3.893517354E0,1.250869080E-1,1.344654948E-1,3.897846211E0
2.182200917E0,-3.921123521E0,3.544724289E-1,2.668727696E-2,3.937203650E0
2.192203917E0,-3.997136155E0,1.129960538E-1,8.597453535E-2,3.999657131E0
2.202206917E0,-3.996077516E0,-2.098689403E-1,4.661634207E-2,4.001856266E0
2.212208917E0,-3.902984873E0,-4.213215624E-1,1.703966349E-1,3.929355900E0
2.222211917E0,-3.318625250E0,-6.557575610E-1,1.023730516E-2,3.382808941E0
2.232214917E0,-2.940056044E0,-8.048828293E-1,1.732436442E-1,3.053158900E0
2.242216917E0,-2.324373326E0,-4.929362132E-1,2.309591711E-2,2.376179894E0
2.252219917E0,-2.260844935E0,-3.570635860E-1,6.545314729E-2,2.289803123E0
2.262222917E0,-2.366454860E0,-1.994077964E-1,2.143179953E-2,2.374938187E0
2.272224917E0,-2.462955991E0,-1.374616446E-1,3.129020512E-2,2.466987433E0
2.282227917E0,-7.922840530E-1,-2.232854131E-1,8.710012436E-3,8.231927239E-1
2.292230917E0,-1.746443447E-1,1.816570932E-2,1.072104532E-1,2.057297290E-1
2.302232917E0,-7.167699672E-1,-2.479235882E-2,7.079223990E-3,7.172335480E-1
2.312235917E0,-1.672413312E-2,-1.052376574E-1,7.279491127E-2,1.290494489E-1
2.322238917E0,6.989540128E-1,-1.314428497E-2,3.567737103E-2,6.999873992E-1
2.332240917E0,5.577496385E-1,8.842866657E-2,6.490409374E-3,5.647534097E-1
2.342243917E0,6.143715167E-3,3.226486288E-2,2.864375532E-2,4.358017131E-2
2.352246917E0,5.273051052E-2,6.760770008E-3,4.720223308E-2,7.109335805E-2
2.362248917E0,8.300233168E-2,2.569860416E-2,6.171736121E-2,1.065778495E-1
2.372251917E0,9.069266279E-2,4.268496662E-2,6.125893950E-2,1.174726484E-1
2.382254917E0,7.386628563E-2,2.936069705E-2,6.245469511E-2,1.010884149E-1
2.392256917E0,4.548169901E-2,6.669425536E-3,6.665533483E-2,8.096912895E-2
2.402259917E0,1.983937430E-2,-8.880330864E-3,6.247866869E-2,6.615168244E-2
2.412262917E0,1.090048905E-3,-5.849189088E-3,4.796354055E-2,4.833117464E-2
2.422265917E0,-4.186213547E-3,1.235021481E-2,2.551198661E-2,2.865159072E-2
2.432267917E0,3.096356504E-3,2.797218433E-2,5.200572073E-2,5.913227130E-2
2.442270917E0,1.946761016E-2,7.639606521E-3,5.020711720E-2,5.438847351E-2
2.452273917E0,1.161905704E-3,2.379880724E-2,4.107318163E-2,4.748409734E-2
2.462275917E0,3.241012964E-2,8.646734599E-3,3.448453903E-2,4.810785752E-2
2.472278917E0,6.019005021E-2,-7.639295887E-3,2.520676196E-2,6.570069889E-2
2.482281917E0,5.295994065E-2,-3.275829479E-3,3.898280203E-2,6.584181974E-2
2.492283917E0,7.147943392E-2,-1.608240120E-3,5.485565364E-2,9.011680557E-2
2.502286917E0,5.219792968E-2,3.053196743E-3,4.842313170E-2,7.126531805E-2
2.512289917E0,5.342142301E-2,2.359278426E-3,5.306640565E-2,7.533563592E-2
2.522291917E0,2.962154682E-2,1.228001168E-2,5.456270814E-2,6.328762788E-2
2.532294917E0,1.924762694E-2,1.309821988E-2,5.336344421E-2,5.822105877E-2
2.542297917E0,-9.196281508E-3,2.064463640E-2,5.620402157E-2,6.057775703E-2
2.552299917E0,-8.331149407E-3,3.133405924E-2,3.464475274E-2,4.744987051E-2
2.562302917E0,-6.181557616E-3,2.222369526E-2,4.616669118E-2,5.160879441E-2
2.572305917E0,-1.627512177E-2,-1.317414232E-3,5.664256275E-2,5.894908891E-2
2.582307917E0,5.504038911E-3,-3.647694122E-3,4.361788988E-2,4.411485503E-2
2.592310917E0,4.616053334E-2,1.141138952E-3,3.897695482E-2,6.042598814E-2
2.602313917E0,5.008000421E-2,6.355996504E-3,4.137255907E-2,6.526939679E-2
2.612315917E0,8.173921432E-2,1.328675603E-2,5.753777146E-2,1.008386443E-1
2.622318917E0,7.121627267E-2,1.371278051E-2,4.615850508E-2,8.596746730E-2
2.632321917E0,4.974446540E-2,4.524063841E-3,3.358640671E-2,6.019157505E-2
2.642323917E0,5.914907224E-2,1.144965224E-2,3.314026415E-2,6.876034025E-2
2.652326917E0,5.268069956E-2,1.045047272E-2,3.568672657E-2,6.448264060E-2
2.662329917E0,2.390652392E-2,8.364021722E-3,5.544797659E-2,6.095864872E-2
2.672331917E0,-1.373109874E-2,-5.224870909E-3,2.925420463E-2,3.273607853E-2
2.682334917E0,-9.577392060E-3,-1.836115250E-2,2.671125054E-2,3.379865775E-2
2.692337917E0,-1.879959318E-2,-1.587862574E-2,4.093109429E-2,4.775887288E-2
2.702339917E0,4.438036680E-4,5.615136009E-3,3.150362849E-2,3.200320800E-2
2.712342917E0,7.015416250E-3,1.078071250E-2,5.635312557E-2,5.780237529E-2
2.722345917E0,4.691958415E-2,1.230630588E-2,5.500943542E-2,7.334119256E-2
2.732347917E0,5.060124694E-2,1.293751281E-2,6.967776060E-2,8.707959435E-2
2.742350917E0,7.144175593E-2,2.751787394E-2,4.931775570E-2,9.106810036E-2
2.752353917E0,6.945129063E-2,1.039731788E-2,3.734441221E-2,7.953735671E-2
2.762355917E0,7.164817178E-2,2.592786983E-2,1.579216003E-2,7.781456979E-2
2.772358917E0,4.901921880E-2,1.329477768E-2,3.494763851E-2,6.165202643E-2
2.782362333E0,3.788267582E-2,2.991252802E-3,5.919604182E-2,7.034355754E-2
2.792364333E0,2.384540224E-2,-8.316293824E-3,5.485331476E-2,6.038749946E-2
2.802367333E0,-7.957192557E-3,6.870021578E-3,3.524058402E-2,3.677516651E-2
2.812370333E0,-1.890392030E-2,-1.144203259E-2,3.599019706E-2,4.223236433E-2
2.822373333E0,5.922480281E-3,-5.880654417E-4,4.661809623E-2,4.699647317E-2
2.832375333E0,6.914350782E-3,8.864762653E-3,4.227595389E-2,4.374526878E-2
2.842378333E0,1.407930957E-2,9.754635785E-3,4.437159598E-2,4.756278384E-2
2.852381333E0,1.930893134E-2,8.271124084E-3,4.197657645E-2,4.693910197E-2
2.862383333E0,5.048122371E-2,1.784824206E-2,5.499832571E-2,7.675760237E-2
2.872386333E0,5.639734514E-2,7.215263117E-3,5.529828787E-2,7.931343645E-2
2.882389333E0,7.656764444E-2,3.231683001E-3,7.550509572E-2,1.075828398E-1
2.892391333E0,8.550729713E-2,2.070912022E-2,5.919077933E-2,1.060373231E-1
2.902394333E0,8.202530762E-2,5.839230549E-3,4.182864189E-2,9.225986661E-2
2.912397333E0,5.878660882E-2,1.755588127E-2,3.120249689E-2,6.883073554E-2
2.922399333E0,2.496296961E-2,1.300227072E-2,3.180242121E-2,4.246884612E-2
2.932402333E0,1.694690290E-2,4.803286660E-3,4.602168024E-2,4.927742011E-2
2.942405333E0,2.407357156E-2,-3.737832606E-4,4.572054863E-2,5.167247941E-2
2.952407333E0,-1.717281556E-3,2.956918683E-3,4.287529349E-2,4.301143123E-2
2.962410333E0,-2.050901754E-3,4.011500571E-3,4.242564261E-2,4.266419442E-2
2.972413333E0,-1.454536920E-2,5.478146710E-3,3.194626272E-2,3.552663168E-2
2.982415333E0,6.968327891E-4,4.195358958E-3,5.110408008E-2,5.128073336E-2
2.992418333E0,3.699752614E-2,4.654895291E-3,5.095439136E-2,6.314138888E-2
3.002421333E0,5.242425347E-2,3.845839815E-2,4.661400318E-2,8.000135019E-2
3.012423333E0,6.113574598E-2,2.492975011E-2,3.898280203E-2,7.667288133E-2
3.022426333E0,6.385825527E-2,-2.236161646E-2,4.122813284E-2,7.923179661E-2
3.032429333E0,6.150994951E-2,1.325125247E-3,4.272443533E-2,7.490398667E-2
3.042431333E0,4.394766371E-2,8.694097046E-3,5.499774098E-2,7.093473044E-2
3.052434333E0,4.337874790E-2,6.365242414E-4,4.077731252E-2,5.953914803E-2
3.062437333E0,2.964055027E-2,1.505383942E-2,4.017563403E-2,5.214654227E-2
3.072439333E0,1.972524396E-2,1.777699739E-2,5.050298631E-2,5.705837810E-2
3.082442333E0,3.517419071E-2,9.757462548E-2,5.484162033E-2,1.173270410E-1
3.092445333E0,-6.833969839E-3,-1.053200483E-2,5.498955488E-2,5.640458683E-2
3.102447333E0,2.369620688E-3,-8.595909504E-2,5.094737470E-2,9.995106859E-2
3.112450333E0,3.571588042E-2,2.220787123E-2,4.974752605E-2,6.514315011E-2
3.122453333E0,2.383531580E-2,-2.165680770E-3,3.014064252E-2,3.848728081E-2
3.132455333E0,4.732316080E-2,4.708287679E-3,3.613053024E-2,5.972490885E-2
3.142458333E0,5.417562246E-2,3.436096178E-2,4.825765550E-2,8.027748799E-2
3.152461333E0,6.399674292E-2,-1.843025928E-2,5.334765673E-2,8.533012387E-2
3.162463333E0,5.861362260E-2,6.512117162E-3,5.110174119E-2,7.803430257E-2
3.172466333E0,4.451749315E-2,3.720618038E-2,4.391375899E-2,7.276348867E-2
3.182469333E0,2.894380884E-2,1.782635154E-2,2.789706588E-2,4.397464229E-2
3.192471333E0,5.186493988E-2,1.048212077E-2,4.032122970E-2,6.652554704E-2
3.202474333E0,2.844488603E-2,1.255011650E-2,6.606593549E-2,7.301592154E-2
3.212477333E0,1.685004012E-2,-3.239448834E-3,5.423994184E-2,5.688927114E-2
3.222480333E0,1.023203353E-2,-5.885240827E-3,6.217519820E-2,6.328574753E-2
3.232482333E0,1.881094957E-2,1.504799221E-3,5.289274335E-2,5.615833458E-2
3.242485333E0,1.261816347E-2,3.020857986E-2,4.929729044E-2,5.917769167E-2
3.252488333E0,2.091218306E-2,1.619697008E-2,4.944230139E-2,5.607318795E-2
3.262490333E0,1.082370780E-2,1.178499006E-2,5.138767004E-2,5.382129015E-2
3.272493333E0,3.501847205E-2,1.455956697E-4,3.866295934E-2,5.216453783E-2
3.282496333E0,5.389817208E-2,-1.370075718E-3,3.237369418E-2,6.288836249E-2
3.292498333E0,3.402422612E-2,1.327213800E-2,4.659119904E-2,5.919913376E-2
3.302501333E0,3.789237854E-2,9.592284188E-3,5.676593900E-2,6.892181148E-2
3.312504333E0,4.026259309E-2,2.170175817E-3,5.526905179E-2,6.841384473E-2
3.322506333E0,4.586886691E-2,7.710504010E-3,5.647065461E-2,7.315968600E-2
3.332509333E0,2.422202689E-2,1.749068482E-2,5.033926427E-2,5.853778412E-2
3.342512333E0,-7.483473985E-2,-1.535403913E-2,5.169055581E-2,9.223826953E-2
3.352514333E0,-4.799514475E-1,-1.209643469E-1,6.007546306E-2,4.985928464E-1
3.362517333E0,-4.084471630E-1,-6.147831973E-2,6.906965017E-2,4.187831005E-1
3.372520333E0,-1.758088360E-1,-2.536401551E-2,7.629680872E-2,1.933217089E-1
3.382522333E0,-4.817399646E-1,-4.413920570E-2,1.178009301E-1,4.978942881E-1
3.392525333E0,-1.174928550E0,2.448854115E-2,1.398069263E-2,1.175266883E0
3.402528333E0,-2.103085303E0,-6.165637475E-1,-9.112827122E-2,2.193495614E0
3.412530333E0,-1.570107503E0,-6.331172881E-1,2.737865174E-1,1.714944352E0
3.422533333E0,-1.589991983E0,-5.625045577E-1,-8.840405345E-3,1.686583540E0
3.432536333E0,-1.512913548E0,-5.674236010E-1,1.210876501E-1,1.620351556E0
3.442538333E0,-1.590391056E0,-6.571439358E-1,5.488898277E-2,1.721683671E0
3.452541333E0,-1.962767038E0,-3.840023663E-1,5.595376074E-2,2.000760627E0
3.462544333E0,-2.687187063E0,-1.073884095E-1,4.174327254E-2,2.689655942E0
3.472546333E0,-3.233430149E0,-2.204934773E-1,3.859513164E-2,3.241169154E0
3.482549333E0,-3.358370529E0,-2.572736515E-1,3.662403524E-2,3.368409664E0
3.492552333E0,-2.958629432E0,-2.642241636E-2,4.428447247E-2,2.959078805E0
3.502554333E0,-2.990699948E0,-1.275796674E-2,1.133044213E-1,2.992872673E0
3.512557333E0,-3.161757611E0,-1.130218181E-1,1.903502584E-2,3.163834296E0
3.522560333E0,-3.021046705E0,-3.102881265E-1,9.146974862E-2,3.038316743E0
3.532562333E0,-2.821823882E0,-2.724310962E-1,-4.840091228E-2,2.835357362E0
3.542565333E0,-2.609357699E0,-6.373852439E-2,7.100273967E-3,2.610145708E0
3.552568333E0,-2.593468768E0,6.214327605E-2,7.848717570E-2,2.595400215E0
3.562571333E0,-2.608912726E0,1.039254509E-1,7.250664353E-2,2.611988386E0
3.572573333E0,-2.407393263E0,-7.995380357E-2,7.728674233E-2,2.409960202E0
3.582576333E0,-2.265436023E0,-2.399302982E-1,4.101821780E-3,2.278109687E0
3.592579333E0,-1.774901554E0,1.999747753E-3,1.679174155E-1,1.782828029E0
3.602581333E0,-2.124263772E0,-4.234703410E-2,4.315069735E-2,2.125123956E0
3.612584333E0,-2.205139097E0,-2.835002775E-1,-1.814981586E-1,2.230684295E0
3.622587333E0,-1.511382308E0,-4.947425643E-1,1.410898054E-1,1.596544087E0
3.632589333E0,-1.191814504E0,-7.166998006E-1,2.636655718E-1,1.415485765E0
3.642592333E0,-1.217739962E0,-7.432389238E-1,-6.434626937E-2,1.428087937E0
3.652595333E0,-8.206027763E-1,-7.356992316E-1,8.184873998E-2,1.105143200E0
3.662597333E0,-7.987493925E-1,-7.796868847E-1,6.398666561E-2,1.118036906E0
3.672600333E0,-9.056352521E-1,-2.811598929E-1,3.880913973E-2,9.490691463E-1
3.682603333E0,-1.333405197E0,4.451409262E-1,8.341696322E-2,1.408218113E0
3.692605333E0,-1.442762309E0,5.881895489E-1,2.500912607E-2,1.558253985E0
3.702608333E0,-1.273443755E0,2.881732991E-1,1.150848985E-2,1.305693414E0
3.712611333E0,-7.251993864E-1,1.071844513E-1,6.342884123E-2,7.358164680E-1
3.722613333E0,-3.345323637E-1,-1.970473303E-1,2.271877170E-2,3.889160518E-1
3.732616333E0,2.328000162E-2,-4.568911985E-1,7.572670519E-2,4.637090247E-1
3.742619333E0,3.371488100E-1,-4.666518094E-1,7.217919946E-2,5.802095036E-1
3.752621333E0,3.103392897E-1,-2.663736549E-1,1.159105253E-1,4.250889891E-1
3.762624333E0,4.429728883E-1,1.441730422E-1,-3.888398409E-4,4.658443915E-1
3.772627333E0,6.362096612E-1,2.884704473E-1,3.914360046E-2,6.996500221E-1
3.782629667E0,5.984784557E-1,1.739542819E-1,1.219156158E-1,6.350590299E-1
3.792632667E0,5.980912238E-1,1.501941394E-2,-1.898123145E-2,5.985808066E-1
3.802635667E0,7.953597616E-1,-2.550447111E-1,-2.513308704E-2,8.356294795E-1
3.812637667E0,1.219695856E0,-5.384692489E-1,1.176798928E-1,1.338452715E0
3.822640667E0,1.460378508E0,-6.078092963E-1,4.238178849E-2,1.582382300E0
3.832643667E0,1.600532613E0,-5.109661026E-1,4.237944961E-2,1.680650773E0
3.842645667E0,1.616407803E0,-3.730617142E-1,2.531961322E-2,1.659093220E0
3.852648667E0,1.602651498E0,-8.388709763E-2,1.498465955E-2,1.604915390E0
3.862651667E0,1.478747390E0,2.173584561E-1,3.714092910E-2,1.495097987E0
3.872653667E0,1.456497126E0,1.281240980E-1,4.853013575E-2,1.462926805E0
3.882656667E0,1.569098566E0,-1.684559075E-2,2.938693643E-2,1.569464137E0
3.892659667E0,2.029684766E0,3.466710007E-2,1.774220645E-2,2.030058335E0
3.902661667E0,2.482499140E0,-1.349424083E-1,7.120388389E-2,2.487183432E0
3.912664667E0,2.308133415E0,-5.356328011E-1,8.649669170E-2,2.371047034E0
3.922667667E0,2.157415438E0,-7.821845229E-1,1.495425403E-2,2.294880744E0
3.932669667E0,2.286756579E0,-5.779955496E-1,3.636383414E-2,2.358952487E0
3.942672667E0,2.168337452E0,9.354432246E-2,5.883643806E-2,2.171151670E0
3.952675667E0,1.752516073E0,7.156473018E-1,-2.213229597E-2,1.893133246E0
3.962677667E0,1.307922593E0,8.831128737E-1,4.389738679E-2,1.578758004E0
3.972680667E0,1.099533893E0,7.427780901E-1,-8.191949129E-3,1.326936766E0
3.982683667E0,1.471662465E0,5.511638099E-1,3.486109972E-3,1.571491046E0
3.992685667E0,1.850082275E0,5.368837033E-1,-2.507052183E-2,1.926571324E0
4.002688667E0,1.909567900E0,4.952936278E-1,1.464914632E-1,1.978187325E0
4.012691667E0,1.637409394E0,4.928599801E-2,-5.888204634E-2,1.639208873E0
4.022694667E0,1.709804356E0,-6.308646483E-1,1.745510817E-2,1.822560238E0
4.032696667E0,2.172003364E0,-6.718930987E-1,1.132196367E-2,2.273580246E0
4.042699667E0,2.518647504E0,-3.086296369E-1,7.703998983E-2,2.538655680E0
4.052702667E0,2.329300189E0,-2.158115204E-1,-1.559452415E-2,2.339328360E0
4.062704667E0,2.170275512E0,-2.651868346E-1,7.199384272E-2,2.187602105E0
4.072707667E0,2.168560231E0,2.968247663E-2,5.850723982E-3,2.168771255E0
4.082710667E0,2.205740337E0,4.809441586E-1,-8.657387495E-3,2.257581154E0
4.092712667E0,2.011516444E0,7.299931531E-1,-1.922564507E-3,2.139881330E0
4.102715667E0,1.655264305E0,6.787961023E-1,2.158675075E-2,1.789170215E0
4.112718667E0,1.538668340E0,3.177267350E-1,3.988502741E-2,1.571636521E0
4.122720667E0,1.802259506E0,-1.289371716E-1,9.396592498E-2,1.809307524E0
4.132723667E0,2.045447106E0,-1.929972563E-1,-1.692359626E-2,2.054601716E0
4.142726667E0,2.288939345E0,1.432883036E-1,1.664760768E-2,2.293480326E0
4.152728667E0,2.151629180E0,3.986492760E-1,4.934699178E-2,2.188804353E0
4.162731667E0,1.827447996E0,8.613339689E-2,8.690365791E-2,1.831539621E0
4.172734667E0,3.168666827E-1,-8.673701227E-2,1.318991518E-1,3.540129802E-1
4.182736667E0,2.635745014E-1,1.114431064E-1,-1.025315112E-1,3.039799246E-1
4.192739667E0,2.390518820E-1,1.218462167E-1,-7.619155884E-2,2.789219540E-1
4.202742667E0,-1.589544379E-1,1.313095880E-1,1.824109089E-1,2.752861437E-1
4.212744667E0,-2.483612523E-1,-9.191313202E-2,1.883002245E-1,3.249435490E-1
4.222747667E0,-1.619946429E-1,-1.642222858E-1,-1.310138834E-1,2.652844909E-1
4.232750667E0,-7.976301075E-3,-7.990331652E-2,1.736506104E-2,8.215659873E-2
4.242752667E0,4.505057649E-2,-6.257364940E-2,8.338363409E-2,1.135686862E-1
4.252755667E0,-1.644727659E-2,-9.931402596E-2,2.560846567E-2,1.038729136E-1
4.262758667E0,-1.349362413E-2,-4.338286836E-3,6.781015992E-3,1.571244102E-2
4.272760667E0,4.814145123E-2,3.472418351E-2,1.186669028E-1,1.326845962E-1
4.282763667E0,3.963866777E-2,2.041703353E-2,6.911175013E-2,8.224666100E-2
4.292766667E0,2.771584787E-3,1.317927690E-2,-8.235452414E-2,8.344844317E-2
4.302768667E0,6.374548623E-2,5.054442845E-3,1.036968613E-1,1.218280487E-1
4.312771667E0,4.286377722E-2,-2.752056001E-2,1.851930141E-2,5.420008437E-2
4.322774667E0,1.453927165E-1,1.992220194E-1,5.519186854E-2,2.527342426E-1
4.332776667E0,1.622139683E-1,9.466748122E-2,4.590882897E-2,1.933466423E-1
4.342779667E0,3.985367628E-2,-1.111688902E-1,4.112054408E-2,1.250509369E-1
4.352782667E0,-9.892217115E-2,-3.877988538E-2,3.842731655E-2,1.129873184E-1
4.362784667E0,-2.853396471E-2,-2.089548195E-2,4.591409147E-2,5.795612222E-2
4.372787667E0,-5.957050574E-2,-9.109048359E-2,6.971927583E-2,1.292551692E-1
4.382790667E0,4.639806733E-3,-2.252047800E-2,5.789971411E-2,6.229828754E-2
4.392793667E0,2.721340760E-2,-1.667722749E-2,4.547730446E-2,5.555973983E-2
4.402795667E0,1.832418714E-2,-1.084974619E-2,2.677498519E-2,3.421100201E-2
4.412798667E0,2.601114240E-2,-1.975209547E-2,2.887530506E-2,4.359481674E-2
4.422800667E0,1.761253988E-2,-1.646700181E-2,5.342016220E-2,5.860953369E-2
4.432803667E0,-4.746312853E-3,-1.344470395E-2,4.848277330E-2,5.053579778E-2
4.442806667E0,1.951877329E-2,-1.358456204E-2,4.624796748E-2,5.200382037E-2
4.452809667E0,1.582791028E-2,-2.181232536E-2,-5.402359486E-2,6.037258552E-2
4.462811667E0,-3.650654275E-2,-9.478049694E-2,-1.158637476E-1,1.540794544E-1
4.472814667E0,-2.047633708E-2,-1.074905713E-1,3.372311461E-1,3.545396299E-1
4.482817667E0,1.505063259E-1,1.047271041E-1,2.483061057E-1,3.086678516E-1
4.492819667E0,3.472384090E-2,1.018126874E-1,1.149445653E-2,1.081835984E-1
4.502822667E0,-1.304588273E-2,5.676464165E-2,-1.983755618E-1,2.067493244E-1
4.512825667E0,1.840985798E-2,-4.367139190E-3,-3.803613782E-3,1.929928116E-2
4.522827667E0,2.673409123E-2,-4.711987870E-2,1.980843705E-1,2.053592278E-1
4.532830667E0,2.847588541E-2,-5.367102602E-2,6.695295811E-2,9.041102634E-2
4.542833667E0,3.363217031E-2,-3.324814528E-2,-6.086951494E-3,4.768241838E-2
4.552835667E0,-1.075717289E-2,1.036850207E-2,-1.897772312E-2,2.415318982E-2
4.562838667E0,2.480873559E-2,2.096902896E-3,7.310189009E-2,7.722536305E-2
4.572841667E0,7.283064780E-2,-8.727115542E-3,1.201404011E-1,1.407628566E-1
4.582843667E0,4.940601668E-2,-2.379464110E-2,1.808134496E-2,5.774144495E-2
4.592846667E0,1.776859201E-2,-1.800447235E-2,-1.141493440E-2,2.775220017E-2
4.602849667E0,9.732233640E-3,-2.012946015E-2,1.522556484E-2,2.705049653E-2
4.612851667E0,3.439590803E-2,-2.408680089E-2,1.309600890E-1,1.375274422E-1
4.622854667E0,2.308843450E-2,-2.429627739E-3,7.722300768E-2,8.063728550E-2
4.632857667E0,8.559807516E-3,-2.142894901E-3,2.962257922E-2,3.090889035E-2
4.642859667E0,7.023734828E-3,-6.000284795E-3,2.872970939E-2,3.017834439E-2
4.652862667E0,2.654939231E-2,-3.325269515E-2,6.645419061E-2,7.890989429E-2
4.662865667E0,9.089510436E-3,-2.810937462E-2,4.400205195E-2,5.299940299E-2
4.672867667E0,-5.779314861E-3,2.585638762E-3,1.885317743E-2,1.988789348E-2
4.682870667E0,9.062896469E-3,2.532403518E-2,2.394259393E-2,3.600959114E-2
4.692873667E0,1.669320683E-3,1.881654097E-2,7.408656120E-2,7.645696434E-2
4.702875667E0,3.482552307E-2,4.558021545E-2,7.109278679E-2,9.134854915E-2
4.712878667E0,5.680805265E-2,1.468128773E-1,5.657590449E-2,1.672782376E-1
4.722881667E0,2.397872333E-2,-1.978766847E-1,6.750201166E-2,2.104440142E-1
4.732883667E0,5.400592987E-2,-8.181033108E-2,1.929639637E-2,9.990956734E-2
4.742886667E0,5.660177842E-2,9.087395389E-3,6.554962635E-2,8.708097146E-2
4.752889667E0,4.449267902E-2,4.141911753E-3,3.545926988E-2,5.704483973E-2
4.762891667E0,2.986440727E-2,3.074332600E-2,3.935234606E-2,5.818627034E-2
4.772894667E0,7.405159668E-2,2.230130060E-1,5.327632070E-2,2.409498001E-1
4.782897667E0,6.908672587E-3,1.035006141E-1,4.264959097E-2,1.121565624E-1
4.792900208E0,-5.262156045E-2,-7.206636647E-2,3.292099357E-2,9.511246825E-2
4.802902208E0,8.836166114E-3,-8.486924713E-2,1.031156480E-2,8.594879469E-2
4.812905208E0,7.031931436E-2,1.086304677E-1,2.123825669E-2,1.311352281E-1
4.822908208E0,-4.633552954E-4,-5.157390386E-3,3.665853381E-2,3.702244556E-2
4.832910208E0,-4.269337200E-2,-2.477567781E-1,4.668533921E-2,2.557062103E-1
4.842913208E0,-2.008075467E-3,-1.968797893E-1,7.377841294E-2,2.102592162E-1
4.852916208E0,5.236629294E-2,1.608740788E-2,4.593981922E-2,7.149475728E-2
4.862918208E0,5.619807386E-2,-2.016872786E-2,3.411908805E-2,6.876854847E-2
4.872921208E0,4.261855961E-2,3.661690895E-3,6.300959587E-2,7.615746041E-2
4.882924208E0,2.857731176E-2,4.887815472E-3,5.268165886E-2,6.013244273E-2
4.892926208E0,3.665706287E-2,-3.890993111E-3,6.631385744E-2,7.587099429E-2
4.902929208E0,2.225560369E-2,-1.168284651E-2,5.523864627E-2,6.068862200E-2
4.912932208E0,-5.409679469E-3,-1.652152710E-2,2.648262441E-2,3.167893441E-2
4.922934208E0,1.403897292E-2,-1.959107777E-2,1.868126929E-2,3.049414552E-2
4.932937208E0,1.749047012E-2,-2.485832272E-2,2.377770245E-2,3.859056733E-2
4.942940208E0,2.585346858E-2,-1.575230760E-2,4.713089705E-2,5.601659119E-2
4.952942208E0,1.591856039E-2,-3.193730917E-3,1.433678806E-2,2.165973162E-2
4.962945208E0,1.039962935E-2,-3.696847279E-3,4.650816858E-2,4.779988196E-2
4.972948208E0,4.620102530E-2,5.370978210E-3,6.731314659E-2,8.181956887E-2
4.982950208E0,4.071974028E-2,1.505731121E-3,7.405498624E-2,8.452517650E-2
4.992953208E0,3.256391142E-2,1.121442972E-2,5.640399635E-2,6.608768845E-2
5.002956208E0,4.371662560E-2,4.157790598E-3,3.829283059E-2,5.826466726E-2
5.012958208E0,2.602296931E-2,2.814356256E-3,6.556482911E-3,2.698338379E-2
5.022961208E0,9.725975292E-3,-2.696772404E-3,4.277706027E-2,4.395161046E-2
5.032964208E0,1.906307420E-2,3.531809617E-3,4.321150839E-2,4.736147099E-2
5.042966208E0,8.661384615E-3,7.280825023E-3,2.329823077E-2,2.590053191E-2
5.052969208E0,2.497994481E-2,-3.004518673E-3,5.981643140E-2,6.489245134E-2
5.062972208E0,2.406483272E-2,-2.143857865E-2,7.148922801E-2,7.841835595E-2
5.072974208E0,1.721099605E-2,-1.036216149E-2,6.534848213E-2,6.836678209E-2
5.082977208E0,9.711645045E-3,-5.303826593E-3,1.355443060E-2,1.749769171E-2
5.092980208E0,3.300687455E-2,-8.668515477E-3,3.436934888E-2,4.843396608E-2
5.102982208E0,1.940739297E-2,-1.894993057E-2,5.443582356E-2,6.081945131E-2
5.112985208E0,2.377255416E-2,-3.449087961E-2,3.872669399E-2,5.704832981E-2
5.122988208E0,4.103832217E-2,-2.394904414E-2,3.184802949E-2,5.720137747E-2
5.132990208E0,3.545649702E-2,-1.464453433E-2,3.949677229E-2,5.506015427E-2
5.142993208E0,4.556927477E-2,-9.656384289E-3,6.555547357E-2,8.041967840E-2
5.152996208E0,4.373105178E-2,-9.161088578E-3,3.921552122E-2,5.944903311E-2
5.162999208E0,2.334493083E-2,4.040681832E-3,4.520540893E-2,5.103765181E-2
5.173001208E0,2.765547537E-2,1.964817949E-2,5.208465815E-2,6.215857052E-2
5.183004208E0,1.314673349E-2,6.370541453E-3,5.761086166E-2,5.943426437E-2
5.193007208E0,3.045674392E-2,9.370656442E-3,4.905989349E-2,5.850038975E-2
5.203009208E0,1.553751379E-2,-1.529613342E-3,3.647259235E-2,3.967371983E-2
5.213012208E0,2.031991493E-2,-1.185108187E-2,6.581333578E-2,6.989093110E-2
5.223015208E0,1.927011131E-2,-9.726934601E-3,6.506313801E-2,6.855043672E-2
5.233017208E0,1.645320604E-2,-2.231889524E-2,4.112171352E-2,4.959673776E-2
5.243020208E0,1.946627626E-2,-1.676966831E-2,6.523446143E-2,7.011200072E-2
5.253023208E0,2.195392848E-2,-1.937038193E-2,4.773432970E-2,5.599779374E-2
5.263025208E0,2.414506291E-2,-1.518419579E-2,2.108798325E-2,3.547177614E-2
5.273028208E0,1.479562090E-2,-5.516171884E-3,2.975063324E-3,1.606827781E-2
5.283031208E0,4.229080033E-2,-7.876601480E-3,4.847809553E-2,6.481264067E-2
5.293033208E0,4.478733758E-2,-8.628754411E-3,6.374342144E-2,7.838102313E-2
5.303036208E0,3.070251427E-2,-2.473631691E-2,5.072518051E-2,6.424619595E-2
5.313039208E0,4.899148107E-2,-1.170280013E-2,5.732551754E-2,7.631078370E-2
5.323041208E0,4.889201445E-2,-1.311561534E-2,3.712455690E-2,6.277484502E-2
5.333044208E0,1.967364685E-2,-8.552539609E-3,1.587694466E-2,2.668849351E-2
5.343047208E0,1.415343217E-2,-6.959081981E-3,6.706756353E-2,6.889707209E-2
5.353049208E0,4.585126131E-3,-8.422475606E-3,3.367996216E-2,3.501858546E-2
5.363052208E0,6.962850695E-3,-2.224993464E-3,3.098614991E-2,3.183666710E-2
5.373055208E0,1.327191873E-2,-9.434117004E-3,4.311093628E-2,4.608361116E-2
5.383057208E0,1.265068404E-2,-8.308966532E-3,5.089825809E-2,5.310095487E-2
5.393060208E0,1.586452390E-2,9.974253550E-3,5.943987072E-2,6.232388854E-2
5.403063208E0,2.535167697E-2,-5.026686843E-3,5.060940564E-2,5.682681625E-2
5.413065208E0,2.647814764E-2,-1.283732442E-2,3.504294813E-2,4.575912383E-2
5.423068208E0,1.559240453E-2,-1.825595744E-2,5.764536023E-2,6.244510083E-2
5.433071208E0,2.823328535E-2,-1.541940004E-2,5.465450943E-2,6.341917454E-2
5.443073208E0,1.994922430E-2,4.376823641E-4,4.237886488E-2,4.684155532E-2
5.453076208E0,1.293038651E-3,2.989389002E-5,4.461951792E-2,4.463825962E-2
5.463079208E0,2.019948056E-2,-1.666564269E-2,4.836056650E-2,5.499551848E-2
5.473081208E0,4.462120357E-2,-1.041199073E-2,4.476920664E-2,6.406046536E-2
5.483084208E0,4.063772395E-2,-8.875506911E-3,4.297645032E-2,5.980948514E-2
5.493087208E0,3.551698830E-2,-4.311700277E-3,4.117843151E-2,5.455007276E-2
5.503089208E0,2.062624964E-2,-8.734424561E-3,5.419959605E-2,5.864578892E-2
5.513092208E0,5.945270718E-3,-2.760408383E-2,4.970484138E-2,5.716557482E-2
5.523095208E0,2.017949496E-2,-2.826352185E-2,4.521417975E-2,5.701193502E-2
5.533098208E0,1.635362521E-2,-1.752620665E-2,3.338116944E-2,4.109636785E-2
5.543100208E0,1.529422851E-2,3.080971017E-3,1.810648799E-2,2.390085177E-2
5.553103208E0,1.936682791E-2,-8.100220934E-5,6.105487168E-2,6.405293077E-2
5.563106208E0,1.588455975E-2,-1.532220835E-2,6.330312610E-2,6.704010054E-2
5.573108208E0,3.001984270E-2,6.285025924E-4,1.023859155E-1,1.066979928E-1
5.583111208E0,1.723133796E-2,-1.028322408E-2,4.819625974E-2,5.220673480E-2
5.593114208E0,2.963787334E-2,7.661131583E-4,2.035357296E-2,3.596190203E-2
5.603116208E0,5.180102707E-2,-4.283633642E-3,2.094940424E-2,5.604081960E-2
5.613119208E0,3.867249304E-2,-1.760580188E-2,5.058660150E-2,6.606459134E-2
5.623122208E0,4.568392131E-2,-3.015103960E-2,5.748105347E-2,7.937365661E-2
5.633124208E0,3.326134720E-2,-1.602498885E-2,5.448844850E-2,6.581875497E-2
5.643127208E0,2.846080599E-2,-1.100431368E-2,5.928082645E-2,6.667329887E-2